rank,channel_info,country,rank_group,follower_band,engagement_band,insight_segment,influence_score,balanced_influencer_score,posts,followers,followers_m,avg_likes,avg_likes_m,new_post_avg_like,new_post_avg_like_m,total_likes,total_likes_b,recent_60_day_eng_rate,recent_60_day_eng_rate_pct,engagement_rate,engagement_rate_pct,recent_eng_rate_missing,followers_score_0_100,engagement_score_0_100,recent_eng_score_0_100,influence_score_0_100
1,cristiano,Spain,Top 10,Q4 팔로워 높음,Q3 반응 중상,일반 계정,92,61.55603354659563,3300.0,475800000.0,475.8,8700000.0,8.7,6500000.0,6.5,29000000000.0,29.0,0.0139,1.39,0.01828499369482976,1.8284993694829759,False,100.0,5.03807043545588,5.263157894736842,98.59154929577466
2,kyliejenner,United States,Top 10,Q4 팔로워 높음,Q3 반응 중상,일반 계정,91,59.07075540418651,6900.0,366200000.0,366.2,8300000.000000001,8.3,5900000.0,5.9,57400000000.0,57.4,0.016200000000000003,1.6200000000000003,0.02266521026761333,2.2665210267613327,False,90.21083547651234,6.33542403027746,6.134040136312004,97.1830985915493
3,leomessi,None,Top 10,Q4 팔로워 높음,Q3 반응 중상,일반 계정,90,57.862937479594905,890.0,357300000.0,357.3,6800000.0,6.8,4400000.0,4.4,6000000000.0,6.0,0.0124,1.24,0.01903162608452281,1.9031626084522808,False,89.29091654208142,5.2592116047754915,4.695191215448694,95.77464788732394
4,selenagomez,United States,Top 10,Q4 팔로워 높음,Q3 반응 중상,일반 계정,93,58.728883722684564,1800.0,342700000.0,342.7,6200000.0,6.2,3300000.0,3.3,11500000000.0,11.5,0.0097,0.97,0.01809162532827546,1.8091625328275458,False,87.73102651173348,4.980797663366764,3.6728511927300262,100.0
5,therock,United States,Top 10,Q4 팔로워 높음,Q1 반응 낮음,일반 계정,91,56.149550204778265,6800.0,334100000.0,334.1,1900000.0,1.9,665300.0,0.6653,12500000000.0,12.5,0.002,0.2,0.005686920083807243,0.5686920083807243,False,86.78077699756032,1.3067124499532465,0.7572889057175313,97.1830985915493
6,kimkardashian,United States,Top 10,Q4 팔로워 높음,Q2 반응 중하,일반 계정,91,56.7638144498449,5600.0,329200000.0,329.2,3500000.0,3.5,2900000.0,2.9,19900000000.0,19.9,0.0088,0.88,0.0106318347509113,1.06318347509113,False,86.22835601995891,2.7713210401573987,3.332071185157138,97.1830985915493
7,arianagrande,United States,Top 10,Q4 팔로워 높음,Q2 반응 중하,일반 계정,92,57.444628193071516,5000.0,327700000.0,327.7,3700000.0,3.7,3900000.0,3.9,18400000000.0,18.4,0.012,1.2,0.011290814769606347,1.1290814769606348,False,86.05760278862039,2.966500908998065,4.543733434305188,98.59154929577466
8,beyonce,United States,Top 10,Q4 팔로워 높음,Q2 반응 중하,일반 계정,92,55.62191268724946,2000.0,272800000.0,272.8,3600000.0,3.6,2000000.0,2.0,7400000000.0,7.4,0.0076,0.76,0.013196480938416423,1.3196480938416422,False,79.20193275681603,3.530930273061334,2.877697841726619,98.59154929577466
9,khloekardashian,United States,Top 10,Q4 팔로워 높음,Q2 반응 중하,일반 계정,89,53.43990746841478,4100.0,268300000.0,268.3,2400000.0,2.4,926900.0,0.9269,9800000000.0,9.8,0.0034999999999999996,0.35,0.008945210585165859,0.8945210585165859,False,78.58003187709133,2.2717685892263573,1.3252555850056795,94.36619718309859
10,justinbieber,Canada,Top 10,Q4 팔로워 높음,Q1 반응 낮음,일반 계정,91,53.95899336377157,7400.0,254500000.0,254.5,1900000.0,1.9,1500000.0,1.5,13900000000.0,13.9,0.0059,0.59,0.007465618860510805,0.7465618860510805,False,76.60569806215037,1.8335360016468707,2.2340022718667174,97.1830985915493
11,kendalljenner,United States,11-50,Q4 팔로워 높음,Q3 반응 중상,일반 계정,90,55.3217671032868,660.0,254000000.0,254.0,5500000.0,5.5,5100000.0,5.1,3700000000.0,3.7,0.0204,2.04,0.021653543307086614,2.1653543307086616,False,76.53216961982815,6.0357836480742835,7.7243468383188185,95.77464788732394
12,natgeo,United States,11-50,Q4 팔로워 높음,Q1 반응 낮음,팔로워 많음·평균 좋아요 낮음,91,52.539358527688904,10000.0,237000000.0,237.0,302200.0,0.3022,159300.0,0.1593,3000000000.0,3.0,0.0007000000000000001,0.07,0.0012751054852320675,0.12751054852320676,False,73.94206541238594,0.0,0.2650511170011359,97.1830985915493
13,nike,United States,11-50,Q4 팔로워 높음,Q1 반응 낮음,팔로워 많음·평균 좋아요 낮음,90,51.946645173458904,950.0,234100000.0,234.1,329000.0,0.329,181800.0,0.1818,313600000.0,0.3136,0.0008,0.08,0.0014053823152498932,0.14053823152498932,False,73.4817382966153,0.038586017594600175,0.3029155622870125,95.77464788732394
14,taylorswift,United States,11-50,Q4 팔로워 높음,Q2 반응 중하,일반 계정,91,53.17587436265095,530.0,222200000.0,222.2,2400000.0,2.4,2300000.0,2.3,1300000000.0,1.3,0.0101,1.01,0.010801080108010801,1.08010801080108,False,71.53112509473407,2.82144894337666,3.8243089738735323,97.1830985915493
15,jlo,United States,11-50,Q4 팔로워 높음,Q1 반응 낮음,일반 계정,89,51.66378060400531,3200.0,220400000.0,220.4,1700000.0,1.7,1400000.0,1.4,5300000000.0,5.3,0.0062,0.62,0.007713248638838476,0.7713248638838476,False,71.22700881560597,1.9068801794426538,2.347595607724347,94.36619718309859
16,virat.kohli,None,11-50,Q4 팔로워 높음,Q2 반응 중하,일반 계정,87,51.151414329957156,1400.0,211800000.0,211.8,3500000.0,3.5,2000000.0,2.0,4900000000.0,4.9,0.0096,0.96,0.016525023607176583,1.6525023607176583,False,69.73885714996419,4.51679403689089,3.6349867474441493,91.54929577464789
17,nickiminaj,United States,11-50,Q4 팔로워 높음,Q2 반응 중하,일반 계정,90,51.47240753542974,6400.0,201600000.0,201.6,2100000.0,2.1,1000000.0,1.0,13500000000.0,13.5,0.0053,0.53,0.010416666666666666,1.0416666666666665,False,67.89344221645614,2.707591522918425,2.006815600151458,95.77464788732394
18,kourtneykardash,United States,11-50,Q4 팔로워 높음,Q2 반응 중하,일반 계정,89,50.668901648662754,4400.0,195200000.0,195.2,1800000.0,1.8,1300000.0,1.3,7700000000.0,7.7,0.0067,0.67,0.009221311475409836,0.9221311475409836,False,66.68723436004575,2.353545477775005,2.53691783415373,94.36619718309859
19,mileycyrus,None,11-50,Q4 팔로워 높음,Q1 반응 낮음,일반 계정,89,49.74538848242564,1200.0,181500000.0,181.5,1300000.0,1.3,913600.0,0.9136,1600000000.0,1.6,0.0051,0.51,0.007162534435261708,0.7162534435261708,False,63.966458847592875,1.7437670000238592,1.9310867095797046,94.36619718309859
20,neymarjr,Brazil,11-50,Q4 팔로워 높음,Q2 반응 중하,일반 계정,90,50.9368958643852,5300.0,177100000.0,177.1,2700000.0,2.7,1900000.0,1.9,14100000000.0,14.1,0.0109,1.09,0.015245623941276116,1.5245623941276116,False,63.0488863982415,4.137855295349465,4.127224536160545,95.77464788732394
21,katyperry,None,11-50,Q4 팔로워 높음,Q1 반응 낮음,일반 계정,92,50.21062835862113,2000.0,170300000.0,170.3,715000.0,0.715,265100.0,0.2651,1500000000.0,1.5,0.0016,0.16,0.004198473282442748,0.41984732824427484,False,61.58498862245704,0.8658571231985334,0.605831124574025,98.59154929577466
22,kevinhart4real,United States,11-50,Q4 팔로워 높음,Q1 반응 낮음,일반 계정,88,47.07415822613573,8200.0,152000000.0,152.0,522000.0,0.522,115200.0,0.1152,4300000000.0,4.3,0.0008,0.08,0.0034342105263157896,0.34342105263157896,False,57.334544389527075,0.6394941072211154,0.3029155622870125,92.95774647887323
23,zendaya,United States,11-50,Q4 팔로워 높음,Q4 반응 높음,일반 계정,87,50.851460057896055,3500.0,150700000.0,150.7,5800000.0,5.8,4800000.0,4.8,20600000000.0,20.6,0.0317,3.17,0.038487060384870604,3.8487060384870606,False,57.01339301959223,11.021615634111246,12.00302915562287,91.54929577464789
24,iamcardib,United States,11-50,Q4 팔로워 높음,Q3 반응 중상,일반 계정,75,41.8891224474379,1600.0,140500000.0,140.5,3100000.0,3.1,1500000.0,1.5,5000000000.0,5.0,0.011000000000000001,1.1,0.02206405693950178,2.206405693950178,False,54.39302259880727,6.157371548555339,4.165088981446422,74.64788732394366
25,ddlovato,United States,11-50,Q4 팔로워 높음,Q1 반응 낮음,일반 계정,88,46.684349565517934,80.0,139100000.0,139.1,1100000.0,1.1,363400.0,0.3634,91300000.0,0.0913,0.0027,0.27,0.007907979870596693,0.7907979870596693,False,54.01859256652053,1.964556611497476,1.0223400227186672,92.95774647887323
26,badgalriri,United States,11-50,Q4 팔로워 높음,Q3 반응 중상,일반 계정,88,47.72280983473041,4800.0,135300000.0,135.3,3700000.0,3.7,0.0,0.0,17900000000.0,17.9,0.0002,0.02,0.027346637102734665,2.7346637102734666,False,52.982965406011886,7.721991528144185,0.07572889057175312,92.95774647887323
27,kingjames,None,11-50,Q4 팔로워 높음,Q2 반응 중하,일반 계정,86,46.1020269245705,2300.0,130900000.0,130.9,2100000.0,2.1,1200000.0,1.2,4900000000.0,4.9,0.0092,0.9199999999999999,0.016042780748663103,1.6042780748663104,False,51.746846190399886,4.373961029510181,3.4835289663006432,90.14084507042254
28,theellenshow,United States,11-50,Q4 팔로워 높음,Q1 반응 낮음,팔로워 많음·평균 좋아요 낮음,87,44.749576294535444,10000.0,125100000.0,125.1,420500.0,0.4205,81700.0,0.0817,4200000000.0,4.2,0.0007000000000000001,0.07,0.0033613109512390087,0.3361310951239009,False,50.05235806269746,0.6179023607365973,0.2650511170011359,91.54929577464789
29,realmadrid,Spain,11-50,Q4 팔로워 높음,Q1 반응 낮음,일반 계정,90,46.682301007160675,6900.0,123400000.0,123.4,996200.0,0.9962,588300.0,0.5883,6800000000.0,6.8,0.0048,0.48,0.00807293354943274,0.8072933549432739,False,49.54078757733209,2.0134133848238673,1.8174933737220746,95.77464788732394
30,champagnepapi,Netherlands,11-50,Q4 팔로워 높음,Q2 반응 중하,일반 계정,85,44.73201034813332,5200.0,119600000.0,119.6,1700000.0,1.7,1300000.0,1.3,9000000000.0,9.0,0.011000000000000001,1.1,0.014214046822742474,1.4214046822742474,False,48.37131806412513,3.8323178268642435,4.165088981446422,88.73239436619718
31,chrisbrownofficial,United States,11-50,Q4 팔로워 높음,Q1 반응 낮음,팔로워 많음·평균 좋아요 낮음,86,43.87572959295884,7300.0,118500000.0,118.5,463200.0,0.4632,255900.0,0.2559,3400000000.0,3.4,0.0022,0.22,0.003908860759493671,0.39088607594936714,False,48.02584630112868,0.7800782943415481,0.8330177962892845,90.14084507042254
32,fcbarcelona,None,11-50,Q4 팔로워 높음,Q2 반응 중하,일반 계정,90,46.01676658434383,10000.0,111400000.0,111.4,1200000.0,1.2,706300.0,0.7063,11600000000.0,11.6,0.0064,0.64,0.010771992818671455,1.0771992818671454,False,45.71573086591072,2.812833730233435,2.4233244982961,95.77464788732394
33,billieeilish,None,11-50,Q4 팔로워 높음,Q4 반응 높음,참여율 상위 10%,73,44.7741102070006,690.0,105200000.0,105.2,8500000.0,8.5,5200000.0,5.2,5900000000.0,5.9,0.050199999999999995,5.02,0.08079847908745247,8.079847908745247,False,43.57467466199979,23.553614964206457,19.00795153351003,71.83098591549296
34,dualipa,United Kingdom,11-50,Q4 팔로워 높음,Q3 반응 중상,일반 계정,74,37.064396740910574,1300.0,85900000.0,85.9,2100000.0,2.1,1100000.0,1.1,2600000000.0,2.6,0.0126,1.26,0.024447031431897557,2.4447031431897557,False,35.99665124669419,6.863172385730189,4.770920106020447,73.23943661971832
35,gal_gadot,United States,11-50,Q4 팔로워 높음,Q2 반응 중하,일반 계정,85,41.5313151777532,1700.0,85600000.0,85.6,1400000.0,1.4,586500.0,0.5865,2300000000.0,2.3,0.0069,0.69,0.016355140186915886,1.6355140186915886,False,35.865843414443304,4.466477149058163,2.612646724725483,88.73239436619718
36,vindiesel,United States,11-50,Q4 팔로워 높음,Q2 반응 중하,일반 계정,88,42.64014917747554,1800.0,82300000.0,82.3,1400000.0,1.4,482300.0,0.4823,2500000000.0,2.5,0.006,0.6,0.01701093560145808,1.701093560145808,False,34.395917822651725,4.660713786536377,2.271866717152594,92.95774647887323
37,nasa,United States,11-50,Q4 팔로워 높음,Q2 반응 중하,일반 계정,88,42.88742429153806,3600.0,81300000.0,81.3,1200000.0,1.2,1200000.0,1.2,4200000000.0,4.2,0.015300000000000001,1.53,0.014760147601476014,1.4760147601476015,False,33.938831438544334,3.994064579941932,5.793260128739115,92.95774647887323
38,priyankachopra,United States,11-50,Q4 팔로워 높음,Q3 반응 중상,일반 계정,85,41.452410444112516,3600.0,81100000.0,81.1,1600000.0,1.6,802900.0,0.8029,5600000000.0,5.6,0.01,1.0,0.01972872996300863,1.972872996300863,False,33.84673976499809,5.465683181623328,3.7864445285876562,88.73239436619718
39,lalalalisa_m,None,11-50,Q4 팔로워 높음,Q4 반응 높음,참여율 상위 10%,70,42.42648794768077,870.0,80900000.0,80.9,5800000.0,5.8,7200000.0,7.2,5100000000.0,5.1,0.09,9.0,0.07169344870210136,7.169344870210136,False,33.75442070437561,20.856843308030488,34.078000757288905,67.6056338028169
40,Shakira,None,11-50,Q4 팔로워 높음,Q2 반응 중하,일반 계정,88,41.48931707536252,2000.0,76100000.0,76.1,975100.0,0.9751,304700.0,0.3047,1900000000.0,1.9,0.0040999999999999995,0.4099999999999999,0.012813403416557161,1.281340341655716,False,31.467489345338752,3.4174685316562448,1.5524422567209388,92.95774647887323
41,snoopdogg,None,11-50,Q4 팔로워 높음,Q1 반응 낮음,팔로워 많음·평균 좋아요 낮음,86,39.51983049544622,10000.0,75300000.0,75.3,203700.0,0.2037,125800.0,0.1258,2000000000.0,2.0,0.0017000000000000001,0.17,0.0027051792828685257,0.27051792828685256,False,31.072355411293838,0.4235661299835643,0.6436955698599016,90.14084507042254
42,gigihadid,United States,11-50,Q4 팔로워 높음,Q4 반응 높음,일반 계정,85,42.64237808417839,3300.0,75300000.0,75.3,2500000.0,2.5,1900000.0,1.9,8199999999.999999,8.2,0.0256,2.56,0.033200531208499334,3.3200531208499333,False,31.072355411293838,9.455826016833042,9.6932979931844,88.73239436619718
43,davidbeckham,United States,11-50,Q4 팔로워 높음,Q2 반응 중하,일반 계정,86,40.62076756282458,1500.0,74900000.0,74.9,1200000.0,1.2,340900.0,0.3409,1900000000.0,1.9,0.0046,0.45999999999999996,0.01602136181575434,1.602136181575434,False,30.87321139578969,4.367617067026891,1.7417644831503216,90.14084507042254
44,shraddhakapoor,None,11-50,Q4 팔로워 높음,Q3 반응 중상,일반 계정,81,38.8504419322669,1900.0,73900000.0,73.9,1600000.0,1.6,859900.0,0.8599,3000000000.0,3.0,0.011699999999999999,1.17,0.02165087956698241,2.165087956698241,False,30.370660812256066,6.03499468872891,4.430140098447557,83.09859154929578
45,victoriassecret,United States,11-50,Q4 팔로워 높음,Q1 반응 낮음,팔로워 많음·평균 좋아요 낮음,88,40.115915699641675,2900.0,73200000.0,73.2,147000.0,0.147,29800.0,0.0298,423500000.0,0.4235,0.0004,0.04,0.0020081967213114752,0.20081967213114751,False,30.014812574091366,0.21713048536671273,0.15145778114350625,92.95774647887323
46,k.mbappe,None,11-50,Q4 팔로워 높음,Q4 반응 높음,일반 계정,86,42.667616526683794,1200.0,72700000.0,72.7,2500000.0,2.5,1600000.0,1.6,2800000000.0,2.8,0.0216,2.16,0.0343878954607978,3.43878954607978,False,29.75854563182081,9.807505267273193,8.178720181749338,90.14084507042254
47,nehakakkar,India,11-50,Q4 팔로워 높음,Q3 반응 중상,일반 계정,84,39.49249279109494,2300.0,70400000.0,70.4,1500000.0,1.5,370100.0,0.3701,3500000000.0,3.5,0.0054,0.54,0.02130681818181818,2.130681818181818,False,28.55655307616425,5.933088934192566,2.0446800454373344,87.32394366197182
48,nba,United States,11-50,Q4 팔로워 높음,Q1 반응 낮음,팔로워 많음·평균 좋아요 낮음,87,39.59776215929609,12900.0,70100000.0,70.1,370800.0,0.3708,196900.0,0.1969,4800000000.0,4.8,0.0028000000000000004,0.28,0.005289586305278174,0.5289586305278174,False,28.39688364993913,1.1890282219354644,1.0602044680045437,91.54929577464789
49,shawnmendes,Canada,11-50,Q4 팔로워 높음,Q4 반응 높음,일반 계정,83,42.38619116269659,2500.0,69900000.0,69.9,3500000.0,3.5,2000000.0,2.0,8800000000.0,8.8,0.0287,2.87,0.05007153075822604,5.007153075822604,False,28.290057290171415,14.452759741541977,10.867095797046574,85.91549295774648
50,jennierubyjane,None,11-50,Q3 팔로워 중상,Q4 반응 높음,참여율 상위 10%,76,43.69225117546335,860.0,68900000.0,68.9,5100000.0,5.1,5700000.0,5.7,4400000000.0,4.4,0.0836,8.36,0.07402031930333818,7.402031930333817,False,27.751298681921348,21.546027025099722,31.654676258992804,76.05633802816901
51,narendramodi,India,51-100,Q3 팔로워 중상,Q4 반응 높음,일반 계정,85,42.72592922966677,540.0,68900000.0,68.9,2900000.0,2.9,2000000.0,2.0,1600000000.0,1.6,0.0301,3.01,0.0420899854862119,4.2089985486211905,False,27.751298681921348,12.088747305440366,11.397198031048845,88.73239436619718
52,aliaabhatt,India,51-100,Q3 팔로워 중상,Q3 반응 중상,일반 계정,82,40.11719085829495,1800.0,68700000.0,68.7,1800000.0,1.8,2100000.0,2.1,3300000000.0,3.3,0.031400000000000004,3.1400000000000006,0.026200873362445413,2.6200873362445414,False,27.642609069117825,7.3826337172732375,11.889435819765241,84.50704225352112
53,deepikapadukone,India,51-100,Q3 팔로워 중상,Q3 반응 중상,일반 계정,83,39.844391380389666,260.0,68400000.0,68.4,1600000.0,1.6,1500000.0,1.5,419000000.0,0.419,0.0223,2.23,0.023391812865497075,2.3391812865497075,False,27.478979921862805,6.550632679600507,8.443771298750473,85.91549295774648
54,tomholland2013,None,51-100,Q3 팔로워 중상,Q4 반응 높음,참여율 상위 10%,77,45.84912737507107,1200.0,67700000.0,67.7,5400000.0,5.4,7300000.0,7.3,6600000000.0,6.6,0.10830000000000001,10.83,0.07976366322008863,7.976366322008863,False,27.094370500641535,23.247118227528038,41.007194244604314,77.46478873239437
55,ronaldinho,Brazil,51-100,Q3 팔로워 중상,Q2 반응 중하,일반 계정,78,35.51783907358242,2900.0,67700000.0,67.7,872900.0,0.8729,325700.0,0.3257,2600000000.0,2.6,0.0049,0.49,0.012893648449039882,1.2893648449039883,False,27.094370500641535,3.441235891015801,1.8553578190079516,78.87323943661971
56,emmawatson,United States,51-100,Q3 팔로워 중상,Q3 반응 중상,일반 계정,87,40.762174921089475,340.0,67300000.0,67.3,1900000.0,1.9,0.0,0.0,639000000.0,0.639,0.0001,0.01,0.02823179791976226,2.823179791976226,False,26.872804219872442,7.984162712806906,0.03786444528587656,91.54929577464789
57,bts.bighitofficial,Uruguay,51-100,Q3 팔로워 중상,Q4 반응 높음,일반 계정,78,41.77867496686349,1200.0,66900000.00000001,66.9,4099999.9999999995,4.1,3600000.0,3.6,4900000000.0,4.9,0.054000000000000006,5.4,0.06128550074738414,6.128550074738414,False,26.649917118919262,17.7741672646431,20.446800454373346,78.87323943661971
58,katrinakaif,India,51-100,Q3 팔로워 중상,Q3 반응 중상,일반 계정,85,40.71673568795806,1000.0,66300000.0,66.3,1700000.0,1.7,1500000.0,1.5,1700000000.0,1.7,0.0225,2.25,0.02564102564102564,2.564102564102564,False,26.313075196916667,7.216815328646155,8.519500189322226,88.73239436619718
59,marvel,Turkey,51-100,Q3 팔로워 중상,Q1 반응 낮음,일반 계정,82,36.70855582854609,7000.0,66200000.0,66.2,332300.0,0.3323,339000.0,0.339,2300000000.0,2.3,0.0051,0.51,0.0050196374622356495,0.501963746223565,False,26.256638657214726,1.1090734762922403,1.9310867095797046,84.50704225352112
60,justintimberlake,United States,51-100,Q3 팔로워 중상,Q2 반응 중하,일반 계정,87,39.314549033605864,780.0,65900000.00000001,65.9,600400.0,0.6004,189400.0,0.1894,470700000.0,0.4707,0.003,0.3,0.009110773899848254,0.9110773899848255,False,26.086816107343143,2.320805927427487,1.135933358576297,91.54929577464789
61,camila_cabello,United States,51-100,Q3 팔로워 중상,Q3 반응 중상,일반 계정,77,36.81970149199335,2900.0,65000000.0,65.0,1900000.0,1.9,1400000.0,1.4,5400000000.0,5.4,0.0219,2.19,0.02923076923076923,2.923076923076923,False,25.57267079553408,8.280042836523009,8.292313517606967,77.46478873239437
62,willsmith,United States,51-100,Q3 팔로워 중상,Q3 반응 중상,일반 계정,82,37.35033173371855,1400.0,63900000.0,63.9,1400000.0,1.4,0.0,0.0,1900000000.0,1.9,0.0002,0.02,0.02190923317683881,2.190923317683881,False,24.934515343118477,6.111515102483094,0.07572889057175312,84.50704225352112
63,raffinagita1717,Indonesia,51-100,Q3 팔로워 중상,Q1 반응 낮음,일반 계정,83,36.93151646436138,17500.0,63500000.0,63.5,386900.0,0.3869,366600.0,0.3666,6800000000.0,6.8,0.0058,0.58,0.006092913385826772,0.6092913385826771,False,24.699731523397908,1.4269614972540738,2.1961378265808404,85.91549295774648
64,anitta,United States,51-100,Q3 팔로워 중상,Q2 반응 중하,일반 계정,82,36.99471799587771,5100.0,63100000.0,63.1,855500.0,0.8555,426200.0,0.4262,4400000000.0,4.4,0.0069,0.69,0.013557844690966719,1.3557844690966718,False,24.46346406782477,3.6379607259212063,2.612646724725483,84.50704225352112
65,sooyaaa__,None,51-100,Q3 팔로워 중상,Q4 반응 높음,참여율 상위 10%,82,46.222588876849144,830.0,62900000.0,62.9,4500000.0,4.5,5900000.0,5.9,3800000000.0,3.8,0.0943,9.43,0.07154213036565978,7.154213036565977,False,24.3447680937753,20.81202511594275,35.706171904581595,84.50704225352112
66,maluma,Colombia,51-100,Q3 팔로워 중상,Q3 반응 중상,일반 계정,84,38.591301439366404,8200.0,62800000.0,62.8,1200000.0,1.2,696300.0,0.6963,9800000000.0,9.8,0.011200000000000002,1.12,0.01910828025477707,1.910828025477707,False,24.285278502190778,5.281915405303381,4.240817872018175,87.32394366197182
67,akshaykumar,None,51-100,Q3 팔로워 중상,Q3 반응 중상,일반 계정,85,39.375506743359686,1900.0,62800000.0,62.8,1500000.0,1.5,624900.0,0.6249,2900000000.0,2.9,0.0101,1.01,0.02388535031847134,2.388535031847134,False,24.285278502190778,6.696810974247786,3.8243089738735323,88.73239436619718
68,jacquelinef143,India,51-100,Q3 팔로워 중상,Q2 반응 중하,일반 계정,85,38.97056268398025,2400.0,62700000.0,62.7,1100000.0,1.1,718800.0,0.7188,2800000000.0,2.8,0.0115,1.15,0.017543859649122806,1.7543859649122806,False,24.225694106437626,4.818557792081822,4.354411207875804,88.73239436619718
69,psg,France,51-100,Q3 팔로워 중상,Q1 반응 낮음,일반 계정,86,38.285323664871804,10000.0,61900000.0,61.9,500500.0,0.5005,322200.0,0.3222,5000000000.0,5.0,0.0052,0.52,0.00808562197092084,0.808562197092084,False,23.745569365498522,2.0171715024777934,1.9689511548655811,90.14084507042254
70,roses_are_rosie,None,51-100,Q3 팔로워 중상,Q4 반응 높음,참여율 상위 10%,82,46.436493235160334,820.0,61800000.0,61.8,4600000.0,4.6,6000000.0,6.0,3800000000.0,3.8,0.09720000000000001,9.72,0.0744336569579288,7.443365695792881,False,23.68511793694826,21.668451358040294,36.80424081787202,84.50704225352112
71,manchesterunited,United Kingdom,51-100,Q3 팔로워 중상,Q1 반응 낮음,일반 계정,85,37.251591106679314,9900.0,59600000.0,59.6,381800.0,0.3818,241600.0,0.2416,3800000000.0,3.8,0.0040999999999999995,0.4099999999999999,0.006406040268456376,0.6406040268456376,False,22.329842037842894,1.5197049221657408,1.5524422567209388,88.73239436619718
72,anushkasharma,None,51-100,Q3 팔로워 중상,Q4 반응 높음,일반 계정,85,40.22222783840871,1200.0,59500000.0,59.5,1900000.0,1.9,1400000.0,1.4,2200000000.0,2.2,0.023399999999999997,2.34,0.031932773109243695,3.1932773109243695,False,22.26705579237462,9.080335330447124,8.860280196895115,88.73239436619718
73,whinderssonnunes,Brazil,51-100,Q3 팔로워 중상,Q3 반응 중상,일반 계정,79,35.79212402369089,2700.0,58700000.0,58.7,1600000.0,1.6,323100.0,0.3231,4400000000.0,4.4,0.0058,0.58,0.027257240204429302,2.72572402044293,False,21.76093367644843,7.695513525183556,2.1961378265808404,80.28169014084507
74,9gag,United States,51-100,Q3 팔로워 중상,Q2 반응 중하,일반 계정,86,37.906185734555216,10000.0,58100000.0,58.1,672600.0,0.6726,248600.0,0.2486,6700000000.0,6.7,0.0044,0.44,0.01157659208261618,1.157659208261618,False,21.376794677138058,3.051143806944125,1.666035592578569,90.14084507042254
75,marcelotwelve,Brazil,51-100,Q3 팔로워 중상,Q2 반응 중하,일반 계정,86,38.12261704727529,2700.0,58100000.0,58.1,690900.0,0.6909,448300.0,0.4483,1900000000.0,1.9,0.0078000000000000005,0.78,0.01189156626506024,1.189156626506024,False,21.376794677138058,3.144434373992527,2.953426732298372,90.14084507042254
76,milliebobbybrown,United States,51-100,Q3 팔로워 중상,Q4 반응 높음,참여율 상위 10%,80,43.804191398516146,280.0,57600000.0,57.6,4000000.0,4.0,5000000.0,5.0,1100000000.0,1.1,0.0863,8.63,0.06944444444444445,6.944444444444445,False,21.053636223128958,20.190722418810154,32.677016281711474,81.69014084507043
77,karimbenzema,Spain,51-100,Q3 팔로워 중상,Q2 반응 중하,일반 계정,42,16.977188234202647,2000.0,56900000.0,56.9,878500.0,0.8785,918900.0,0.9189,1800000000.0,1.8,0.016200000000000003,1.6200000000000003,0.015439367311072056,1.5439367311072056,False,20.596469999012655,4.195239137700867,6.134040136312004,28.169014084507044
78,chrishemsworth,Australia,51-100,Q3 팔로워 중상,Q4 반응 높음,일반 계정,86,42.242990157307844,880.0,55900000.0,55.9,2800000.0,2.8,2100000.0,2.1,2500000000.0,2.5,0.0369,3.6900000000000004,0.05008944543828265,5.008944543828265,False,19.93352354677185,14.458065797574898,13.971980310488451,90.14084507042254
79,karolg,India,51-100,Q3 팔로워 중상,Q4 반응 높음,일반 계정,83,44.85922093317101,3300.0,55600000.0,55.6,3100000.0,3.1,5700000.0,5.7,10100000000.0,10.1,0.1025,10.25,0.05575539568345324,5.575539568345324,False,19.732325570606076,16.136234170418838,38.81105641802347,85.91549295774648
80,paulpogba,France,51-100,Q3 팔로워 중상,Q3 반응 중상,일반 계정,80,35.723479193591814,1300.0,55200000.0,55.2,1400000.0,1.4,462600.0,0.4626,1800000000.0,1.8,0.0085,0.8500000000000001,0.025362318840579712,2.536231884057971,False,19.462366272598448,7.134266609090499,3.218477849299508,81.69014084507043
81,iamzlatanibrahimovic,None,51-100,Q3 팔로워 중상,Q3 반응 중상,일반 계정,86,39.18828758171501,870.0,55100000.0,55.1,1500000.0,1.5,837100.0,0.8371,1300000000.0,1.3,0.015300000000000001,1.53,0.02722323049001815,2.722323049001815,False,19.394570786498477,7.685440364526541,5.793260128739115,90.14084507042254
82,leonardodicaprio,None,51-100,Q3 팔로워 중상,Q1 반응 낮음,일반 계정,86,36.86826696444326,1700.0,54600000.0,54.6,395500.0,0.3955,107600.0,0.1076,669300000.0,0.6693,0.002,0.2,0.0072435897435897435,0.7243589743589743,False,19.05373706497368,1.7677743507772772,0.7572889057175313,90.14084507042254
83,juventus,None,51-100,Q3 팔로워 중상,Q1 반응 낮음,일반 계정,87,37.10079166682857,10000.0,54500000.0,54.5,194800.0,0.1948,135500.0,0.1355,1900000000.0,1.9,0.0025,0.25,0.0035743119266055047,0.35743119266055046,False,18.98519589026565,0.6809900132534266,0.9466111321469141,91.54929577464789
84,zacefron,United States,51-100,Q3 팔로워 중상,Q4 반응 높음,일반 계정,86,43.97203103159068,660.0,54500000.0,54.5,2300000.0,2.3,4400000.0,4.4,1500000000.0,1.5,0.0818,8.18,0.04220183486238532,4.220183486238533,False,18.98519589026565,12.121875391197305,30.973116243847027,90.14084507042254
85,bellahadid,United Kingdom,51-100,Q3 팔로워 중상,Q3 반응 중상,일반 계정,79,35.35718860260748,3200.0,54100000.0,54.1,1100000.0,1.1,1100000.0,1.1,3600000000.0,3.6,0.0206,2.06,0.02033271719038817,2.033271719038817,False,18.709767754662778,5.644575021249699,7.800075728890572,80.28169014084507
86,tatawerneck,Brazil,51-100,Q3 팔로워 중상,Q3 반응 중상,일반 계정,86,37.70590875087279,5600.0,53900000.0,53.9,959800.0,0.9598,266500.0,0.2665,5400000000.0,5.4,0.0051,0.51,0.017807050092764377,1.7807050092764378,False,18.57128907664061,4.896510802511187,1.9310867095797046,90.14084507042254
87,beingsalmankhan,India,51-100,Q3 팔로워 중상,Q3 반응 중상,일반 계정,76,33.79155075937118,1200.0,53500000.0,53.5,1400000.0,1.4,693900.0,0.6939,1600000000.0,1.6,0.013300000000000001,1.33,0.026168224299065422,2.6168224299065423,False,18.292783503457557,7.3729635607776025,5.035971223021583,76.05633802816901
88,robertdowneyjr,United States,51-100,Q3 팔로워 중상,Q4 반응 높음,일반 계정,86,41.3348176449204,420.0,53400000.0,53.4,3000000.0,3.0,1100000.0,1.1,1300000000.0,1.3,0.020499999999999997,2.05,0.056179775280898875,5.617977528089887,False,18.22283175186804,16.261928959059198,7.762211283604695,90.14084507042254
89,sunnyleone,None,51-100,Q3 팔로워 중상,Q2 반응 중하,일반 계정,84,36.40780011037979,4600.0,53400000.0,53.4,764000.0,0.764,301300.0,0.3013,3500000000.0,3.5,0.005699999999999999,0.57,0.014307116104868914,1.4307116104868913,False,18.22283175186804,3.859883534113615,2.158273381294964,87.32394366197182
90,ladygaga,United States,51-100,Q3 팔로워 중상,Q3 반응 중상,일반 계정,83,37.02454967900574,3600.0,53200000.0,53.2,1400000.0,1.4,531600.0,0.5316,5100000000.0,5.1,0.0102,1.02,0.02631578947368421,2.631578947368421,False,18.082534400322416,7.416670123359849,3.8621734191594093,85.91549295774648
91,dishapatani,United States,51-100,Q3 팔로워 중상,Q3 반응 중상,일반 계정,74,33.31090863576359,2100.0,53000000.0,53.0,1600000.0,1.6,971700.0,0.9717,3400000000.0,3.4,0.018500000000000003,1.8500000000000003,0.03018867924528302,3.018867924528302,False,17.94170862060362,8.56376122811279,7.004922377887166,73.23943661971832
92,sergioramos,None,51-100,Q3 팔로워 중상,Q3 반응 중상,일반 계정,87,38.542598284505274,2200.0,52800000.0,52.8,1100000.0,1.1,557900.0,0.5579,2500000000.0,2.5,0.0106,1.06,0.020833333333333332,2.083333333333333,False,17.800350417021225,5.792849916311082,4.013631200302916,91.54929577464789
93,jbalvin,None,51-100,Q3 팔로워 중상,Q2 반응 중하,일반 계정,87,38.004080993093126,10000.0,52800000.0,52.8,878000.0,0.878,340500.0,0.3405,8800000000.0,8.8,0.0066,0.66,0.01662878787878788,1.6628787878787878,False,17.800350417021225,4.547527437523501,2.499053388867853,91.54929577464789
94,mosalah,None,51-100,Q3 팔로워 중상,Q4 반응 높음,일반 계정,22,8.079304040844615,840.0,52500000.0,52.5,1800000.0,1.8,1100000.0,1.1,1500000000.0,1.5,0.0218,2.18,0.03428571428571429,3.428571428571429,False,17.587305964207637,9.777240755778172,8.25444907232109,0.0
95,ayutingting92,Indonesia,51-100,Q3 팔로워 중상,Q1 반응 낮음,일반 계정,85,35.61155173650546,10000.0,52400000.0,52.4,147300.0,0.1473,56300.0,0.0563,1500000000.0,1.5,0.0011,0.11,0.0028110687022900763,0.2811068702290076,False,17.516020527351454,0.4549289671075785,0.41650889814464226,88.73239436619718
96,433,Netherlands,51-100,Q3 팔로워 중상,Q2 반응 중하,일반 계정,79,34.278312538522115,10300.0,51200000.0,51.2,863200.0,0.8632,774200.0,0.7742,8900000000.0,8.9,0.0152,1.52,0.016859375,1.6859374999999999,False,16.649822707601643,4.615823839231783,5.755395683453238,80.28169014084507
97,hudabeauty,United States,51-100,Q3 팔로워 중상,Q1 반응 낮음,일반 계정,82,33.8666069675497,2400.0,50800000.0,50.8,186400.0,0.1864,16800.0,0.0168,453600000.0,0.4536,0.0004,0.04,0.003669291338582677,0.3669291338582677,False,16.356572574641536,0.7091214719416252,0.15145778114350625,84.50704225352112
98,adele,United States,51-100,Q3 팔로워 중상,Q4 반응 높음,참여율 상위 10%,84,43.57356461751969,420.0,50700000.0,50.7,4700000.0,4.7,1900000.0,1.9,2000000000.0,2.0,0.0382,3.82,0.09270216962524655,9.270216962524655,False,16.282899249757385,27.07930723403794,14.464218099204846,87.32394366197182
99,michelleobama,None,51-100,Q3 팔로워 중상,Q2 반응 중하,일반 계정,85,36.74862985258362,600.0,50700000.0,50.7,700500.0,0.7005,611200.0,0.6112,421700000.0,0.4217,0.012199999999999999,1.22,0.013816568047337278,1.3816568047337279,False,16.282899249757385,3.7145906529748682,4.619462324876941,88.73239436619718
100,kritisanon,India,51-100,Q3 팔로워 중상,Q3 반응 중상,일반 계정,76,32.51401755363303,2700.0,50200000.0,50.2,897200.0,0.8972,604400.0,0.6044,2400000000.0,2.4,0.0121,1.21,0.017872509960159363,1.7872509960159364,False,15.912339226719865,4.915899020621019,4.5815978795910635,76.05633802816901
101,jamesrodriguez10,Colombia,101-200,Q2 팔로워 중하,Q3 반응 중상,팔로워 중위 이하·영향력 점수 높음,86,37.88035947022778,1100.0,49900000.0,49.9,1400000.0,1.4,363900.0,0.3639,1500000000.0,1.5,0.0075,0.75,0.028056112224448898,2.80561122244489,False,15.688227465190401,7.932127279264709,2.839833396440742,90.14084507042254
102,krisjenner,United States,101-200,Q2 팔로워 중하,Q1 반응 낮음,일반 계정,80,33.430082907094324,6400.0,49700000.0,49.7,356800.0,0.3568,452900.0,0.4529,2300000000.0,2.3,0.0091,0.91,0.007179074446680081,0.717907444668008,False,15.538069832576667,1.7486659000931726,3.445664521014767,81.69014084507043
103,thv,None,101-200,Q2 팔로워 중하,Q4 반응 높음,참여율 상위 10%,83,71.5685802069585,60.0,49300000.0,49.3,15400000.0,15.4,12600000.0,12.6,987400000.0,0.9874,0.258,25.8,0.31237322515212984,31.237322515212984,False,15.235933236838983,92.14253614761309,97.69026883756153,85.91549295774648
104,lelepons,United States,101-200,Q2 팔로워 중하,Q4 반응 높음,일반 계정,81,38.408385875736485,2500.0,49200000.0,49.2,2400000.0,2.4,1700000.0,1.7,6100000000.0,6.1,0.0355,3.55,0.04878048780487805,4.878048780487805,False,15.160016052870725,14.070372435169432,13.441878076486176,83.09859154929578
105,charlidamelio,None,101-200,Q2 팔로워 중하,Q4 반응 높음,참여율 상위 10%,80,40.46494034670272,150.0,49100000.0,49.1,4200000.0,4.2,1600000.0,1.6,654400000.0,0.6544,0.032799999999999996,3.2799999999999994,0.0855397148676171,8.55397148676171,False,15.0839444086079,24.957896962843883,12.41953805376751,81.69014084507043
106,gucci,Italy,101-200,Q2 팔로워 중하,Q1 반응 낮음,팔로워 중위 이하·영향력 점수 높음,86,35.4659364935221,8900.0,49000000.0,49.0,115100.0,0.1151,72400.0,0.0724,1000000000.0,1.0,0.0015,0.15,0.0023489795918367347,0.23489795918367348,False,15.007717674242427,0.3180651936815127,0.5679666792881485,90.14084507042254
107,prillylatuconsina96,Indonesia,101-200,Q2 팔로워 중하,Q1 반응 낮음,일반 계정,84,34.919050322769465,6500.0,48900000.0,48.9,372400.0,0.3724,131800.0,0.1318,2400000000.0,2.4,0.0027,0.27,0.007615541922290388,0.7615541922290389,False,14.931335216106234,1.8779409345798546,1.0223400227186672,87.32394366197182
108,louisvuitton,France,101-200,Q2 팔로워 중하,Q1 반응 낮음,일반 계정,82,33.41686867397049,6500.0,48700000.0,48.7,127500.0,0.1275,40500.0,0.0405,824000000.0,0.824,0.0008,0.08,0.002618069815195072,0.2618069815195072,False,14.77810057435986,0.39776562922034925,0.3029155622870125,84.50704225352112
109,paulodybala,None,101-200,Q2 팔로워 중하,Q4 반응 높음,일반 계정,85,38.974584686981025,1300.0,48300000.0,48.3,1800000.0,1.8,1400000.0,1.4,2300000000.0,2.3,0.0288,2.88,0.037267080745341616,3.7267080745341614,False,14.469734288309299,10.660276201539249,10.90496024233245,88.73239436619718
110,blackpinkofficial,None,101-200,Q2 팔로워 중하,Q4 반응 높음,일반 계정,85,39.359329250621116,1400.0,48200000.0,48.2,2100000.0,2.1,1300000.0,1.3,3000000000.0,3.0,0.0277,2.77,0.043568464730290454,4.356846473029045,False,14.392243690119347,12.526650393176384,10.488451344187807,88.73239436619718
111,dovecameron,United States,101-200,Q2 팔로워 중하,Q4 반응 높음,일반 계정,85,38.01188911491086,170.0,48200000.0,48.2,1600000.0,1.6,841400.0,0.8414,283000000.0,0.283,0.0175,1.7500000000000002,0.03319502074688797,3.319502074688797,False,14.392243690119347,9.454193901831,6.6262779250284,88.73239436619718
112,garethbale11,None,101-200,Q2 팔로워 중하,Q2 반응 중하,팔로워 중위 이하·영향력 점수 높음,86,37.02029848482827,980.0,48100000.0,48.1,763000.0,0.763,681300.0,0.6813,753100000.0,0.7531,0.0143,1.43,0.015862785862785864,1.5862785862785864,False,14.314592155995495,4.320649279197813,5.4146156758803485,90.14084507042254
113,jokowi,None,101-200,Q2 팔로워 중하,Q2 반응 중하,일반 계정,85,35.39796358047941,3500.0,47700000.0,47.7,452600.0,0.4526,189600.0,0.1896,1600000000.0,1.6,0.0040999999999999995,0.4099999999999999,0.009488469601677148,0.9488469601677149,False,14.002363199696827,2.4326736555122164,1.5524422567209388,88.73239436619718
114,nusr_et,United Arab Emirates,101-200,Q2 팔로워 중하,Q2 반응 중하,일반 계정,81,33.71664399189776,2300.0,47300000.0,47.3,728200.0,0.7282,133000.0,0.133,1700000000.0,1.7,0.0029,0.29,0.015395348837209302,1.5395348837209302,False,13.68750491603298,4.1822015345697245,1.0980689132904202,83.09859154929578
115,harrystyles,United States,101-200,Q2 팔로워 중하,Q4 반응 높음,참여율 상위 10%,57,31.545633230975103,590.0,46900000.0,46.9,4700000.0,4.7,2900000.0,2.9,2800000000.0,2.8,0.0638,6.38,0.10021321961620469,10.021321961620469,False,13.369972644718306,29.303966116706302,24.157516092389244,49.29577464788733
116,haileybieber,None,101-200,Q2 팔로워 중하,Q4 반응 높음,일반 계정,85,39.43287937941103,2100.0,46900000.0,46.9,2000000.0,2.0,1600000.0,1.6,4200000000.0,4.2,0.0347,3.47,0.042643923240938165,4.264392324093817,False,13.369972644718306,12.252815251730249,13.138962514199168,88.73239436619718
117,vanessahudgens,United States,101-200,Q2 팔로워 중하,Q2 반응 중하,일반 계정,84,35.15227048343975,4200.0,46800000.0,46.8,633900.0,0.6339,292900.0,0.2929,2700000000.0,2.7,0.0063,0.63,0.013544871794871795,1.3544871794871796,False,13.290166423981232,3.634118351211112,2.3854600530102235,87.32394366197182
118,5-Minute Crafts GIRLY,United States,101-200,Q2 팔로워 중하,Q1 반응 낮음,일반 계정,85,34.49139590972111,10000.0,46500000.0,46.5,157000.0,0.157,12400.0,0.0124,1600000000.0,1.6,0.0003,0.03,0.0033763440860215053,0.33763440860215055,False,13.049720577851634,0.6223549468422006,0.11359333585762967,88.73239436619718
119,zayn,United States,101-200,Q2 팔로워 중하,Q4 반응 높음,참여율 상위 10%,82,45.233504375690096,160.0,46500000.0,46.5,4700000.0,4.7,4000000.0,4.0,773500000.0,0.7735,0.08810000000000001,8.81,0.1010752688172043,10.10752688172043,False,13.049720577851634,29.559291991864846,33.35857629685726,84.50704225352112
120,larissamanoela,Brazil,101-200,Q2 팔로워 중하,Q2 반응 중하,일반 계정,85,35.471042534367804,5200.0,46500000.0,46.5,579600.0,0.5796,259399.99999999997,0.25939999999999996,3000000000.0,3.0,0.005699999999999999,0.57,0.012464516129032257,1.2464516129032257,False,13.049720577851634,3.314133418166561,2.158273381294964,88.73239436619718
121,travisscott,United States,101-200,Q2 팔로워 중하,Q4 반응 높음,일반 계정,78,38.76443133201,3200.0,46200000.0,46.2,3000000.0,3.0,2600000.0,2.6,9600000000.0,9.6,0.0571,5.71,0.06493506493506493,6.493506493506493,False,12.807718437130312,18.855112724700778,21.620598258235514,78.87323943661971
122,thenotoriousmma,United States,101-200,Q2 팔로워 중하,Q3 반응 중상,일반 계정,82,34.79050771424946,3200.0,45900000.0,45.9,1100000.0,1.1,311500.0,0.3115,3500000000.0,3.5,0.0069,0.69,0.023965141612200435,2.3965141612200433,False,12.56413972415026,6.7204439430827305,2.612646724725483,84.50704225352112
123,daddyyankee,Puerto Rico,101-200,Q2 팔로워 중하,Q2 반응 중하,일반 계정,80,33.25875175799224,20.0,45900000.0,45.9,652500.0,0.6525,455300.0,0.4553,18300000.0,0.0183,0.01,1.0,0.014215686274509804,1.4215686274509804,False,12.56413972415026,3.8328034075675124,3.7864445285876562,81.69014084507043
124,natgeotravel,United States,101-200,Q2 팔로워 중하,Q1 반응 낮음,일반 계정,82,32.97886919172988,16900.0,45800000.0,45.8,189900.0,0.1899,52800.0,0.0528,3200000000.0,3.2,0.0012,0.12,0.004146288209606987,0.4146288209606987,False,12.482592908394833,0.8504006975368048,0.45437334343051866,84.50704225352112
125,nikefootball,United States,101-200,Q2 팔로워 중하,Q2 반응 중하,일반 계정,85,34.953756307016526,1800.0,45400000.0,45.4,431200.0,0.4312,199800.0,0.1998,784000000.0,0.784,0.0044,0.44,0.009497797356828194,0.9497797356828195,False,12.15461536498306,2.4354363948598587,1.666035592578569,88.73239436619718
126,stephencurry30,None,101-200,Q2 팔로워 중하,Q3 반응 중상,일반 계정,84,36.86927640018713,1100.0,45400000.0,45.4,1100000.0,1.1,1200000.0,1.2,1200000000.0,1.2,0.0276,2.76,0.024229074889867842,2.4229074889867843,False,12.15461536498306,6.7986169696637555,10.450586898901932,87.32394366197182
127,vancityreynolds,None,101-200,Q2 팔로워 중하,Q4 반응 높음,팔로워 중위 이하·영향력 점수 높음,86,38.1655135677339,680.0,44800000.0,44.8,1400000.0,1.4,1200000.0,1.2,925700000.0,0.9257,0.026099999999999998,2.61,0.03125,3.125,False,11.657190730872028,8.878108309703741,9.882620219613782,90.14084507042254
128,maisa,Brazil,101-200,Q2 팔로워 중하,Q2 반응 중하,일반 계정,42,13.916939175209723,1500.0,44500000.0,44.5,553000.0,0.553,294100.0,0.2941,820100000.0,0.8201,0.0067,0.67,0.012426966292134831,1.2426966292134831,False,11.40597455501823,3.303011727018563,2.53691783415373,28.169014084507044
129,luissuarez9,None,101-200,Q2 팔로워 중하,Q3 반응 중상,일반 계정,85,35.63865228136667,970.0,44200000.0,44.2,801800.0,0.8018,414800.0,0.4148,782500000.0,0.7825,0.0096,0.96,0.018140271493212668,1.8140271493212667,False,11.153059046044186,4.995205918279937,3.6349867474441493,88.73239436619718
130,gusttavolima,Brazil,101-200,Q2 팔로워 중하,Q2 반응 중하,일반 계정,76,30.454515142013022,4900.0,43900000.0,43.9,475100.0,0.4751,303900.0,0.3039,2300000000.0,2.3,0.0070999999999999995,0.71,0.010822323462414579,1.0822323462414578,False,10.898421057262585,2.827740902174555,2.688375615297236,76.05633802816901
131,jannatzubair29,None,101-200,Q2 팔로워 중하,Q3 반응 중상,일반 계정,84,36.608137953887486,1600.0,43800000.0,43.8,1300000.0,1.3,944300.0,0.9443,2200000000.0,2.2,0.0218,2.18,0.02968036529680365,2.968036529680365,False,10.813154885382298,8.413206360014435,8.25444907232109,87.32394366197182
132,varundvn,India,101-200,Q2 팔로워 중하,Q3 반응 중상,일반 계정,84,35.87245076952083,1900.0,43800000.0,43.8,1100000.0,1.1,640500.0,0.6405,2000000000.0,2.0,0.0148,1.48,0.02511415525114155,2.5114155251141552,False,10.813154885382298,7.06076432455464,5.603937902309732,87.32394366197182
133,hrithikroshan,CÃ´te d'Ivoire,101-200,Q2 팔로워 중하,Q4 반응 높음,일반 계정,85,38.52455121722443,580.0,43700000.0,43.7,1600000.0,1.6,1600000.0,1.6,949900000.0,0.9499,0.0382,3.82,0.036613272311212815,3.6613272311212817,False,10.727693819229914,10.466628077468838,14.464218099204846,88.73239436619718
134,nickyjampr,Colombia,101-200,Q2 팔로워 중하,Q1 반응 낮음,일반 계정,81,32.44611301232153,10000.0,43400000.0,43.4,381600.0,0.3816,139300.0,0.1393,3800000000.0,3.8,0.0033,0.33,0.0087926267281106,0.87926267281106,False,10.470132294450238,2.226575569161465,1.2495266944339265,83.09859154929578
135,buzzfeedtasty,Spain,101-200,Q2 팔로워 중하,Q1 반응 낮음,일반 계정,85,33.659222556862204,8900.0,43200000.0,43.2,65099.99999999999,0.06509999999999999,7700.0,0.0077,580700000.0,0.5807,0.0002,0.02,0.0015069444444444442,0.1506944444444444,False,10.297433603326457,0.06866717710323869,0.07572889057175312,88.73239436619718
136,brunamarquezine,United States,101-200,Q2 팔로워 중하,Q3 반응 중상,일반 계정,84,35.28397825966689,3000.0,43100000.0,43.1,969700.0,0.9697,444200.0,0.4442,2900000000.0,2.9,0.0105,1.05,0.022498839907192574,2.2498839907192574,False,10.210784201505705,6.286147657391069,3.9757667550170392,87.32394366197182
137,caradelevingne,United States,101-200,Q2 팔로워 중하,Q3 반응 중상,팔로워 중위 이하·영향력 점수 높음,86,35.57222484921085,4400.0,42900000.0,42.9,790200.0,0.7902,181000.0,0.181,3500000000.0,3.5,0.0043,0.43,0.01841958041958042,1.8419580419580421,False,10.036880631491417,5.077932978384795,1.628171147292692,90.14084507042254
138,kapilsharma,None,101-200,Q2 팔로워 중하,Q2 반응 중하,일반 계정,83,34.46984200227122,950.0,42200000.0,42.2,736400.0,0.7364,624500.0,0.6245,710700000.0,0.7107,0.0149,1.49,0.017450236966824646,1.7450236966824646,False,9.421768283572383,4.790828176110078,5.641802347595608,85.91549295774648
139,badbunnypr,None,101-200,Q2 팔로워 중하,Q4 반응 높음,참여율 상위 10%,83,46.251578839271176,10.0,42100000.0,42.1,3700000.0,3.7,5400000.0,5.4,67500000.0,0.0675,0.1309,13.089999999999998,0.08788598574821853,8.788598574821853,False,9.333063140823656,25.652826747888525,49.56455887921242,85.91549295774648
140,britneyspears,Turkey,101-200,Q2 팔로워 중하,Q2 반응 중하,일반 계정,80,32.04522910964494,3000.0,42100000.0,42.1,513100.0,0.5131,221700.0,0.2217,1600000000.0,1.6,0.0055000000000000005,0.55,0.012187648456057007,1.2187648456057008,False,9.333063140823656,3.232129420223586,2.082544490723211,81.69014084507043
141,j.m,None,101-200,Q2 팔로워 중하,Q4 반응 높음,참여율 상위 10%,83,72.35917728377395,20.0,41900000.0,41.9,14200000.0,14.2,11000000.0,11.0,368100000.0,0.3681,0.2641,26.41,0.33890214797136037,33.89021479713604,False,9.155018994250716,100.0,100.0,85.91549295774648
142,mariliamendoncacantora,Brazil,101-200,Q2 팔로워 중하,Q3 반응 중상,일반 계정,73,30.2088620966046,1400.0,41800000.0,41.8,1000000.0,1.0,818600.0,0.8186,1500000000.0,1.5,0.019799999999999998,1.9799999999999998,0.023923444976076555,2.3923444976076556,False,9.065677971754845,6.708094033011297,7.4971601666035586,71.83098591549296
143,norafatehi,Anguilla,101-200,Q2 팔로워 중하,Q4 반응 높음,일반 계정,83,35.689154876520846,1700.0,41600000.0,41.6,1400000.0,1.4,727500.0,0.7275,2300000000.0,2.3,0.0176,1.76,0.03365384615384615,3.3653846153846154,False,8.886352927178475,9.590091015871275,6.664142370314276,85.91549295774648
144,theweeknd,None,101-200,Q2 팔로워 중하,Q3 반응 중상,일반 계정,83,36.392595644654705,670.0,41500000.0,41.5,1100000.0,1.1,1600000.0,1.6,767000000.0,0.767,0.0397,3.9699999999999998,0.02650602409638554,2.6506024096385543,False,8.796366842543435,7.473014728134553,15.032184778492994,85.91549295774648
145,dior,None,101-200,Q2 팔로워 중하,Q1 반응 낮음,일반 계정,85,33.41032871849889,9700.0,41500000.0,41.5,88800.0,0.0888,63600.0,0.0636,863000000.0,0.863,0.0016,0.16,0.0021397590361445784,0.21397590361445784,False,8.796366842543435,0.2560972440316406,0.605831124574025,88.73239436619718
146,ranveersingh,Switzerland,101-200,Q2 팔로워 중하,Q3 반응 중상,일반 계정,85,35.24851542260212,1800.0,40800000.0,40.8,1000000.0,1.0,299300.0,0.2993,1800000000.0,1.8,0.0076,0.76,0.024509803921568627,2.450980392156863,False,8.1603262293056,6.881764643390843,2.877697841726619,88.73239436619718
147,marinaruybarbosa,Brazil,101-200,Q2 팔로워 중하,Q2 반응 중하,일반 계정,81,32.07976085986506,2100.0,40700000.0,40.7,586400.0,0.5864,0.0,0.0,1200000000.0,1.2,0.0001,0.01,0.014407862407862407,1.4407862407862408,False,8.068573544977303,3.889723058297355,0.03786444528587656,83.09859154929578
148,jenniferaniston,None,101-200,Q2 팔로워 중하,Q4 반응 높음,참여율 상위 10%,85,42.415700202027246,90.0,40700000.0,40.7,4600000.0,4.6,731000.0,0.731,452000000.0,0.452,0.018799999999999997,1.8799999999999997,0.11302211302211303,11.302211302211303,False,8.068573544977303,33.097765722208756,7.1185157137447925,88.73239436619718
149,addisonraee,None,101-200,Q2 팔로워 중하,Q4 반응 높음,참여율 상위 10%,85,39.97874782592211,300.0,40100000.0,40.1,3100000.0,3.1,994400.0,0.9944,957900000.0,0.9579,0.024900000000000002,2.49,0.0773067331670823,7.73067331670823,False,7.513278188304007,22.51941287699846,9.428246876183264,88.73239436619718
150,andresiniesta8,Spain,101-200,Q1 팔로워 낮음,Q1 반응 낮음,일반 계정,85,33.51403779083937,2000.0,40000000.0,40.0,250800.0,0.2508,161700.0,0.1617,500500000.0,0.5005,0.0040999999999999995,0.4099999999999999,0.00627,0.627,False,7.4199218349721985,1.479411861676676,1.5524422567209388,88.73239436619718
151,princessyahrini,Indonesia,101-200,Q1 팔로워 낮음,Q1 반응 낮음,일반 계정,81,31.189015093584416,4500.0,40000000.0,40.0,118300.0,0.1183,87400.0,0.0874,529900000.0,0.5299,0.0022,0.22,0.0029575,0.29575,False,7.4199218349721985,0.4982996925778109,0.8330177962892845,83.09859154929578
152,liverpoolfc,United Kingdom,101-200,Q1 팔로워 낮음,Q1 반응 낮음,일반 계정,75,28.745876761562386,10000.0,39900000.0,39.9,346700.0,0.3467,162900.0,0.1629,3500000000.0,3.5,0.0042,0.42,0.008689223057644111,0.8689223057644111,False,7.32633179841546,2.195948973108888,1.5903067020068156,74.64788732394366
153,teddysphotos,United States,101-200,Q1 팔로워 낮음,Q3 반응 중상,일반 계정,80,31.917801180967807,2300.0,39900000.0,39.9,715500.0,0.7155,181100.0,0.1811,1700000000.0,1.7,0.0046,0.45999999999999996,0.017932330827067668,1.7932330827067668,False,7.32633179841546,4.933617052466991,1.7417644831503216,81.69014084507043
154,worldstar,United States,101-200,Q1 팔로워 낮음,Q1 반응 낮음,일반 계정,78,29.605307279687892,11600.0,39200000.0,39.2,157400.0,0.1574,84400.0,0.0844,1800000000.0,1.8,0.0023,0.22999999999999998,0.0040153061224489795,0.40153061224489794,False,6.6645587690457555,0.811605793493125,0.8708822415751608,78.87323943661971
155,natashawilona12,None,101-200,Q1 팔로워 낮음,Q2 반응 중하,일반 계정,84,33.389169847144984,1200.0,39200000.0,39.2,486500.0,0.4865,227700.0,0.2277,563900000.0,0.5639,0.0059,0.59,0.012410714285714285,1.2410714285714286,False,6.6645587690457555,3.2981981296535907,2.2340022718667174,87.32394366197182
156,mahi7781,None,101-200,Q1 팔로워 낮음,Q4 반응 높음,참여율 상위 10%,58,27.15531600896328,100.0,39100000.0,39.1,4099999.9999999995,4.1,0.0,0.0,439400000.0,0.4394,0.0017000000000000001,0.17,0.10485933503836316,10.485933503836316,False,6.56905629039613,30.68007491058331,0.6436955698599016,50.70422535211267
157,georginagio,None,101-200,Q1 팔로워 낮음,Q4 반응 높음,일반 계정,74,36.20972738063274,730.0,39100000.0,39.1,2200000.0,2.2,3300000.0,3.3,1600000000.0,1.6,0.08560000000000001,8.56,0.056265984654731455,5.626598465473146,False,6.56905629039613,16.287462865702985,32.41196516471034,73.23943661971832
158,cznburak,None,101-200,Q1 팔로워 낮음,Q3 반응 중상,일반 계정,80,32.23800088046768,1800.0,39000000.0,39.0,815800.0,0.8158,383300.0,0.3833,1400000000.0,1.4,0.0101,1.01,0.020917948717948717,2.0917948717948716,False,6.473309246879855,5.817911707568179,3.8243089738735323,81.69014084507043
159,chrissyteigen,United States,101-200,Q1 팔로워 낮음,Q2 반응 중하,일반 계정,79,31.028801273436073,5100.0,38900000.0,38.9,623100.0,0.6231,162100.0,0.1621,3200000000.0,3.2,0.0043,0.43,0.016017994858611825,1.6017994858611824,False,6.37731638270597,4.366619825479614,1.628171147292692,80.28169014084507
160,ruben_onsu,Indonesia,101-200,Q1 팔로워 낮음,Q1 반응 낮음,일반 계정,75,27.942289752598565,13400.0,38800000.0,38.8,139300.0,0.1393,49100.0,0.0491,1900000000.0,1.9,0.0013,0.13,0.0035902061855670104,0.35902061855670103,False,6.281076432386571,0.6856976512567298,0.4922377887163953,74.64788732394366
161,wizkhalifa,United States,101-200,Q1 팔로워 낮음,Q2 반응 중하,일반 계정,80,30.98219735420958,500.0,38700000.0,38.7,398700.0,0.3987,115700.0,0.1157,199800000.0,0.1998,0.0031,0.31,0.01030232558139535,1.0302325581395348,False,6.18458812063611,2.673725430786301,1.1737978038621735,81.69014084507043
162,hm,Sweden,101-200,Q1 팔로워 낮음,Q1 반응 낮음,일반 계정,83,31.67781690549736,7300.0,38500000.0,38.5,88400.0,0.0884,22400.0,0.0224,644100000.0,0.6441,0.0006,0.06,0.0022961038961038962,0.22961038961038963,False,5.990861262104055,0.30240421601115597,0.22718667171525933,85.91549295774648
163,anushkasen0408,None,101-200,Q1 팔로워 낮음,Q3 반응 중상,일반 계정,85,34.74932590361746,5300.0,38300000.0,38.3,695400.0,0.6954,658300.0,0.6583,3700000000.0,3.7,0.0175,1.7500000000000002,0.018156657963446475,1.8156657963446474,False,5.796125404993409,5.000059341783323,6.6262779250284,88.73239436619718
164,prattprattpratt,None,101-200,Q1 팔로워 낮음,Q3 반응 중상,일반 계정,84,34.05871837979341,730.0,38300000.0,38.3,813500.0,0.8135,363800.0,0.3638,594700000.0,0.5947,0.01,1.0,0.021240208877284596,2.1240208877284594,False,5.796125404993409,5.913360270267098,3.7864445285876562,87.32394366197182
165,marvelstudios,None,101-200,Q1 팔로워 낮음,Q2 반응 중하,일반 계정,83,33.4282954541281,2700.0,38100000.0,38.1,594200.0,0.5942,555900.0,0.5559,1600000000.0,1.6,0.0158,1.58,0.015595800524934382,1.5595800524934382,False,5.600369983802237,4.241572278763984,5.982582355168498,85.91549295774648
166,wesleysafadao,None,101-200,Q1 팔로워 낮음,Q1 반응 낮음,일반 계정,80,30.242290317443448,8900.0,37400000.0,37.4,256100.00000000003,0.25610000000000005,0.0,0.0,2300000000.0,2.3,0.0002,0.02,0.0068475935828877016,0.6847593582887701,False,4.9070404474963665,1.6504863048357818,0.07572889057175312,81.69014084507043
167,parineetichopra,None,101-200,Q1 팔로워 낮음,Q2 반응 중하,일반 계정,84,33.08314861328749,1300.0,37400000.0,37.4,505700.0,0.5057,246900.0,0.2469,672100000.0,0.6721,0.0068000000000000005,0.68,0.013521390374331551,1.3521390374331552,False,4.9070404474963665,3.6271635112292975,2.5747822794396065,87.32394366197182
168,rkive,None,101-200,Q1 팔로워 낮음,Q4 반응 높음,참여율 상위 10%,83,52.9158670537678,110.0,37000000.0,37.0,10900000.0,10.9,0.0,0.0,1200000000.0,1.2,0.0,0.0,0.2945945945945946,29.45945945945946,True,4.505002165076667,86.87677590914946,0.0,85.91549295774648
169,laudyacynthiabella,Indonesia,101-200,Q1 팔로워 낮음,Q1 반응 낮음,일반 계정,76,28.041163904593095,380.0,36900000.0,36.9,172800.0,0.1728,43400.0,0.0434,66700000.0,0.0667,0.0012,0.12,0.0046829268292682925,0.46829268292682924,False,4.403813470009915,1.0093449028675594,0.45437334343051866,76.05633802816901
170,antogriezmann,France,101-200,Q1 팔로워 낮음,Q3 반응 중상,일반 계정,83,33.53035061310184,870.0,36500000.0,36.5,1100000.0,1.1,203600.0,0.2036,955400000.0,0.9554,0.005699999999999999,0.57,0.030136986301369864,3.0136986301369864,False,3.99629771922491,8.548450563560415,2.158273381294964,85.91549295774648
171,gisel_la,None,101-200,Q1 팔로워 낮음,Q1 반응 낮음,일반 계정,85,32.323106197790544,9900.0,36500000.0,36.5,150500.0,0.1505,33400.0,0.0334,1500000000.0,1.5,0.001,0.1,0.004123287671232876,0.41232876712328764,False,3.99629771922491,0.8435882875459625,0.37864445285876563,88.73239436619718
172,eminem,United States,101-200,Q1 팔로워 낮음,Q4 반응 높음,일반 계정,84,35.20788410865695,660.0,36400000.0,36.4,1100000.0,1.1,962700.0,0.9627,730100000.0,0.7301,0.0269,2.69,0.03021978021978022,3.021978021978022,False,3.8937209745234,8.572972864203367,10.185535781900795,87.32394366197182
173,mercedesbenz,British Virgin Islands,101-200,Q1 팔로워 낮음,Q1 반응 낮음,일반 계정,77,28.397685874911343,10000.0,36000000.0,36.0,197900.0,0.1979,64599.99999999999,0.06459999999999999,2000000000.0,2.0,0.0018,0.18,0.005497222222222222,0.5497222222222222,False,3.4805764395402736,1.2505268256655193,0.6815600151457781,77.46478873239437
174,colesprouse,None,101-200,Q1 팔로워 낮음,Q4 반응 높음,일반 계정,81,35.70092584042019,1200.0,35900000.0,35.9,2200000.0,2.2,834500.0,0.8345,2600000000.0,2.6,0.023399999999999997,2.34,0.06128133704735376,6.128133704735376,False,3.376573034571274,17.772934039958336,8.860280196895115,83.09859154929578
175,nattinatasha,Czech Republic,101-200,Q1 팔로워 낮음,Q2 반응 중하,일반 계정,47,14.596660175028326,30.0,35900000.0,35.9,518100.0,0.5181,285900.0,0.2859,18700000.0,0.0187,0.008,0.8,0.01443175487465181,1.443175487465181,False,3.376573034571274,3.896799643932638,3.029155622870125,35.2112676056338
176,shahidkapoor,None,101-200,Q1 팔로워 낮음,Q4 반응 높음,일반 계정,82,34.39532167608287,1100.0,35600000.0,35.6,1300000.0,1.3,780000.0,0.78,1500000000.0,1.5,0.0254,2.54,0.03651685393258427,3.651685393258427,False,3.062815669111852,10.438070418722498,9.617569102612647,84.50704225352112
177,tigerjackieshroff,India,101-200,Q1 팔로워 낮음,Q4 반응 높음,일반 계정,83,33.71121417657729,2100.0,35600000.0,35.6,1100000.0,1.1,422900.0,0.4229,2200000000.0,2.2,0.012,1.2,0.03089887640449438,3.089887640449438,False,3.062815669111852,8.774110835769156,4.543733434305188,85.91549295774648
178,kimberly.loaiza,Mexico,101-200,Q1 팔로워 낮음,Q4 반응 높음,참여율 상위 10%,78,36.644195405647466,590.0,35500000.0,35.5,2600000.0,2.6,1800000.0,1.8,1600000000.0,1.6,0.052300000000000006,5.23,0.07323943661971831,7.323943661971831,False,2.957642041488216,21.314741439125974,19.803104884513445,78.87323943661971
179,barackobama,United States,101-200,Q1 팔로워 낮음,Q4 반응 높음,일반 계정,81,32.679884272216505,660.0,35400000.0,35.4,1100000.0,1.1,411500.0,0.4115,739500000.0,0.7395,0.011899999999999999,1.19,0.031073446327683617,3.1073446327683616,False,2.8521717318788746,8.825815794561493,4.50586898901931,83.09859154929578
180,sachintendulkar,None,101-200,Q1 팔로워 낮음,Q3 반응 중상,일반 계정,76,30.043814649597056,1000.0,35300000.0,35.3,800400.0,0.8004,664500.0,0.6645,810000000.0,0.81,0.0203,2.03,0.022674220963172804,2.26742209631728,False,2.746403061740291,6.338092861391556,7.686482393032941,76.05633802816901
181,simonemendes,Brazil,101-200,Q1 팔로워 낮음,Q2 반응 중하,일반 계정,72,26.41802583702273,4400.0,35000000.0,35.0,420000.0,0.42,222900.0,0.2229,1900000000.0,1.9,0.006500000000000001,0.65,0.012,1.2,False,2.427289887452984,3.176550798714109,2.461188943581977,70.4225352112676
182,ivetesangalo,Brazil,101-200,Q1 팔로워 낮음,Q1 반응 낮음,일반 계정,84,31.708413567098756,7600.0,34800000.0,34.8,226400.0,0.2264,121100.0,0.1211,1700000000.0,1.7,0.0036,0.36,0.006505747126436781,0.6505747126436782,False,2.213024544929361,1.549236578530175,1.3631200302915563,87.32394366197182
183,lunamaya,None,101-200,Q1 팔로워 낮음,Q1 반응 낮음,일반 계정,83,30.93519323440699,4100.0,34800000.0,34.8,145400.0,0.1454,58600.0,0.0586,589600000.0,0.5896,0.0017000000000000001,0.17,0.00417816091954023,0.417816091954023,False,2.213024544929361,0.8598409099376086,0.6436955698599016,85.91549295774648
184,toni.kr8s,None,101-200,Q1 팔로워 낮음,Q2 반응 중하,일반 계정,83,32.73091011893089,940.0,34700000.0,34.7,597200.0,0.5972,533500.0,0.5335,561300000.0,0.5613,0.0168,1.68,0.017210374639769453,1.7210374639769452,False,2.105429650701425,4.719784599360728,6.361226808027262,85.91549295774648
185,dannapaola,Mexico,101-200,Q1 팔로워 낮음,Q4 반응 높음,일반 계정,68,28.29104518651345,1900.0,34700000.0,34.7,1500000.0,1.5,1200000.0,1.2,2800000000.0,2.8,0.0349,3.49,0.043227665706051875,4.322766570605188,False,2.105429650701425,12.425710900377142,13.214691404770921,64.7887323943662
186,paollaoliveirareal,None,101-200,Q1 팔로워 낮음,Q2 반응 중하,일반 계정,84,32.10390904129437,4600.0,34700000.0,34.7,367800.0,0.3678,192300.0,0.1923,1700000000.0,1.7,0.005699999999999999,0.57,0.010599423631123919,1.0599423631123919,False,2.105429650701425,2.7617213589385248,2.158273381294964,87.32394366197182
187,blakelively,United States,101-200,Q1 팔로워 낮음,Q4 반응 높음,참여율 상위 10%,80,35.64207020993254,110.0,34600000.0,34.6,3100000.0,3.1,0.0,0.0,350900000.0,0.3509,0.0002,0.02,0.08959537572254335,8.959537572254336,False,1.9975242368767736,26.159122085411745,0.07572889057175312,81.69014084507043
188,adidasoriginals,None,101-200,Q1 팔로워 낮음,Q1 반응 낮음,일반 계정,83,30.77517520291816,150.0,34200000.0,34.2,136200.0,0.1362,66800.0,0.0668,21200000.0,0.0212,0.002,0.2,0.003982456140350877,0.39824561403508774,False,1.5627611994710702,0.801876127925992,0.7572889057175313,85.91549295774648
189,disney,United States,101-200,Q1 팔로워 낮음,Q1 반응 낮음,일반 계정,77,28.059830313934597,7300.0,34200000.0,34.2,185200.0,0.1852,132000.0,0.132,1400000000.0,1.4,0.0044,0.44,0.005415204678362573,0.5415204678362573,False,1.5627611994710702,1.2262344753680698,1.666035592578569,77.46478873239437
190,shaymitchell,United States,101-200,Q1 팔로워 낮음,Q3 반응 중상,일반 계정,83,32.34430521961148,6300.0,34100000.0,34.1,732400.0,0.7324,247500.0,0.2475,4600000000.0,4.6,0.0073,0.73,0.02147800586510264,2.147800586510264,False,1.453275909163817,5.983792124915653,2.764104505868989,85.91549295774648
191,bmw,Germany,101-200,Q1 팔로워 낮음,Q1 반응 낮음,일반 계정,79,28.896048453879498,9300.0,33700000.0,33.7,231300.0,0.2313,76500.0,0.0765,2200000000.0,2.2,0.0023,0.22999999999999998,0.006863501483679525,0.6863501483679525,False,1.0121002900478524,1.6551979833419481,0.8708822415751608,80.28169014084507
192,danbilzerian,Canada,101-200,Q1 팔로워 낮음,Q4 반응 높음,일반 계정,84,37.135043309706674,1400.0,33600000.0,33.6,2000000.0,2.0,1200000.0,1.2,2800000000.0,2.8,0.0358,3.58,0.05952380952380952,5.952380952380952,False,0.9009881728903305,17.25238109176952,13.555471412343808,87.32394366197182
193,khabib_nurmagomedov,Russia,101-200,Q1 팔로워 낮음,Q3 반응 중상,일반 계정,63,22.20907485887352,4500.0,33500000.0,33.5,685100.0,0.6851,220700.0,0.2207,3100000000.0,3.1,0.0067,0.67,0.020450746268656717,2.045074626865672,False,0.7895448715952682,5.679533440871372,2.53691783415373,57.74647887323944
194,zidane,France,101-200,Q1 팔로워 낮음,Q4 반응 높음,일반 계정,41,12.814960845557131,370.0,33500000.0,33.5,1100000.0,1.1,532700.0,0.5327,391900000.0,0.3919,0.0161,1.6099999999999999,0.03283582089552239,3.2835820895522385,False,0.7895448715952682,9.347804363623219,6.096175691026126,26.76056338028169
195,sonamkapoor,India,101-200,Q1 팔로워 낮음,Q1 반응 낮음,일반 계정,75,27.12016652335115,4800.0,33299999.999999996,33.3,264700.0,0.2647,209200.0,0.2092,1300000000.0,1.3,0.0063,0.63,0.00794894894894895,0.794894894894895,False,0.565656778065698,1.9766910300116385,2.3854600530102235,74.64788732394366
196,iambeckyg,United States,101-200,Q1 팔로워 낮음,Q3 반응 중상,일반 계정,71,26.36023388028577,2300.0,33200000.000000004,33.2,623800.0,0.6238,464700.0,0.4647,1400000000.0,1.4,0.013999999999999999,1.4,0.018789156626506022,1.8789156626506023,False,0.4532079718216109,5.187395835448676,5.301022340022718,69.01408450704226
197,nancyajram,France,101-200,Q1 팔로워 낮음,Q2 반응 중하,일반 계정,81,30.33760295145321,3800.0,33200000.000000004,33.2,390400.0,0.3904,208000.0,0.208,1500000000.0,1.5,0.0064,0.64,0.011759036144578312,1.1759036144578312,False,0.4532079718216109,3.105180965999483,2.4233244982961,83.09859154929578
198,luansantana,Brazil,101-200,Q1 팔로워 낮음,Q1 반응 낮음,일반 계정,79,28.696266556989322,770.0,33200000.000000004,33.2,193300.0,0.1933,82600.0,0.0826,149200000.0,0.1492,0.0026,0.26,0.005822289156626506,0.5822289156626506,False,0.4532079718216109,1.346806712492902,0.9844755774327906,80.28169014084507
199,nickjonas,United States,101-200,Q1 팔로워 낮음,Q3 반응 중상,일반 계정,78,29.989208393277508,2300.0,33000000.0,33.0,719600.0,0.7196,467700.0,0.4677,1700000000.0,1.7,0.014199999999999999,1.42,0.021806060606060607,2.1806060606060607,False,0.22729066883894486,6.080956954646804,5.376751230594472,78.87323943661971
200,raisa6690,Indonesia,101-200,Q1 팔로워 낮음,Q1 반응 낮음,일반 계정,80,29.191715508000417,4200.0,32799999.999999996,32.8,232200.0,0.2322,97400.0,0.0974,969100000.0,0.9691,0.003,0.3,0.007079268292682928,0.7079268292682928,False,0.0,1.7191048337573047,1.135933358576297,81.69014084507043
